rank,title,year,rating,run_time,certificate,link
1, The Shawshank Redemption,1994,9.3,2h 22m,A,https://www.imdb.com/title/tt0111161/?ref_=chttp_t_1
2, The Godfather,1972,9.2,2h 55m,A,https://www.imdb.com/title/tt0068646/?ref_=chttp_t_2
3, The Dark Knight,2008,9.0,2h 32m,UA,https://www.imdb.com/title/tt0468569/?ref_=chttp_t_3
4, The Godfather: Part II,1974,9.0,3h 22m,A,https://www.imdb.com/title/tt0071562/?ref_=chttp_t_4
5, 12 Angry Men,1957,9.0,1h 36m,U,https://www.imdb.com/title/tt0050083/?ref_=chttp_t_5
6, Schindler's List,1993,9.0,3h 15m,A,https://www.imdb.com/title/tt0108052/?ref_=chttp_t_6
7, The Lord of the Rings: The Return of the King,2003,9.0,3h 21m,U,https://www.imdb.com/title/tt0167260/?ref_=chttp_t_7
8, Pulp Fiction,1994,8.9,2h 34m,A,https://www.imdb.com/title/tt0110912/?ref_=chttp_t_8
9, The Lord of the Rings: The Fellowship of the Ring,2001,8.8,2h 58m,U,https://www.imdb.com/title/tt0120737/?ref_=chttp_t_9
10," Il Buono, Il Brutto, Il Cattivo",1966,8.8,2h 41m,A,https://www.imdb.com/title/tt0060196/?ref_=chttp_t_10
11, Forrest Gump,1994,8.8,2h 22m,UA,https://www.imdb.com/title/tt0109830/?ref_=chttp_t_11
12, Fight Club,1999,8.8,2h 19m,A,https://www.imdb.com/title/tt0137523/?ref_=chttp_t_12
13, The Lord of the Rings: The Two Towers,2002,8.8,2h 59m,UA,https://www.imdb.com/title/tt0167261/?ref_=chttp_t_13
14, Inception,2010,8.8,2h 28m,UA,https://www.imdb.com/title/tt1375666/?ref_=chttp_t_14
15, Spider-man: Across the Spider-verse,2023,8.8,2h 20m,U,https://www.imdb.com/title/tt9362722/?ref_=chttp_t_15
16, Star Wars: Episode V - The Empire Strikes Back,1980,8.7,2h 4m,UA,https://www.imdb.com/title/tt0080684/?ref_=chttp_t_16
17, The Matrix,1999,8.7,2h 16m,A,https://www.imdb.com/title/tt0133093/?ref_=chttp_t_17
18, GoodFellas,1990,8.7,2h 25m,A,https://www.imdb.com/title/tt0099685/?ref_=chttp_t_18
19, One Flew Over the Cuckoo's Nest,1975,8.7,2h 13m,A,https://www.imdb.com/title/tt0073486/?ref_=chttp_t_19
20, Se7en,1995,8.6,2h 7m,A,https://www.imdb.com/title/tt0114369/?ref_=chttp_t_20
21, It's a Wonderful Life,1946,8.6,2h 10m,PG,https://www.imdb.com/title/tt0038650/?ref_=chttp_t_21
22, Shichinin No Samurai,1954,8.6,3h 27m,U,https://www.imdb.com/title/tt0047478/?ref_=chttp_t_22
23, The Silence of the Lambs,1991,8.6,1h 58m,A,https://www.imdb.com/title/tt0102926/?ref_=chttp_t_23
24, Interstellar,2014,8.7,2h 49m,UA,https://www.imdb.com/title/tt0816692/?ref_=chttp_t_24
25, Saving Private Ryan,1998,8.6,2h 49m,A,https://www.imdb.com/title/tt0120815/?ref_=chttp_t_25
26, City of God,2002,8.6,2h 10m,A,https://www.imdb.com/title/tt0317248/?ref_=chttp_t_26
27, Life Is Beautiful,1997,8.6,1h 56m,U,https://www.imdb.com/title/tt0118799/?ref_=chttp_t_27
28, The Green Mile,1999,8.6,3h 9m,UA,https://www.imdb.com/title/tt0120689/?ref_=chttp_t_28
29, Star Wars: Episode IV - A New Hope,1977,8.6,2h 1m,U,https://www.imdb.com/title/tt0076759/?ref_=chttp_t_29
30, Terminator 2: Judgment Day,1991,8.6,2h 17m,A,https://www.imdb.com/title/tt0103064/?ref_=chttp_t_30
31, Oppenheimer,2023,8.6,3h,R,https://www.imdb.com/title/tt15398776/?ref_=chttp_t_31
32, Back to the Future,1985,8.5,1h 56m,U,https://www.imdb.com/title/tt0088763/?ref_=chttp_t_32
33, Spirited Away,2001,8.6,2h 5m,U,https://www.imdb.com/title/tt0245429/?ref_=chttp_t_33
34, The Pianist,2002,8.5,2h 30m,13,https://www.imdb.com/title/tt0253474/?ref_=chttp_t_34
35, Psycho,1960,8.5,1h 49m,A,https://www.imdb.com/title/tt0054215/?ref_=chttp_t_35
36, Parasite,2019,8.5,2h 12m,A,https://www.imdb.com/title/tt6751668/?ref_=chttp_t_36
37, Gladiator,2000,8.5,2h 35m,UA,https://www.imdb.com/title/tt0172495/?ref_=chttp_t_37
38, The Lion King,1994,8.5,1h 28m,U,https://www.imdb.com/title/tt0110357/?ref_=chttp_t_38
39, Léon,1994,8.5,1h 50m,A,https://www.imdb.com/title/tt0110413/?ref_=chttp_t_39
40, American History X,1998,8.5,1h 59m,R,https://www.imdb.com/title/tt0120586/?ref_=chttp_t_40
41, The Departed,2006,8.5,2h 31m,A,https://www.imdb.com/title/tt0407887/?ref_=chttp_t_41
42, Whiplash,2014,8.5,1h 46m,A,https://www.imdb.com/title/tt2582802/?ref_=chttp_t_42
43, The Prestige,2006,8.5,2h 10m,U,https://www.imdb.com/title/tt0482571/?ref_=chttp_t_43
44, The Usual Suspects,1995,8.5,1h 46m,A,https://www.imdb.com/title/tt0114814/?ref_=chttp_t_44
45, Casablanca,1942,8.5,1h 42m,U,https://www.imdb.com/title/tt0034583/?ref_=chttp_t_45
46, Grave of the Fireflies,1988,8.5,1h 29m,U,https://www.imdb.com/title/tt0095327/?ref_=chttp_t_46
47, Seppuku,1962,8.6,2h 13m,Not Rated,https://www.imdb.com/title/tt0056058/?ref_=chttp_t_47
48, Intouchables,2011,8.5,1h 52m,UA,https://www.imdb.com/title/tt1675434/?ref_=chttp_t_48
49, Modern Times,1936,8.5,1h 27m,G,https://www.imdb.com/title/tt0027977/?ref_=chttp_t_49
50, Cinema Paradiso,1988,8.5,2h 35m,U,https://www.imdb.com/title/tt0095765/?ref_=chttp_t_50
51, C'era Una Volta Il West,1968,8.5,2h 45m,U,https://www.imdb.com/title/tt0064116/?ref_=chttp_t_51
52, Rear Window,1954,8.5,1h 52m,U,https://www.imdb.com/title/tt0047396/?ref_=chttp_t_52
53, Alien,1979,8.5,1h 57m,R,https://www.imdb.com/title/tt0078748/?ref_=chttp_t_53
54, City Lights,1931,8.5,1h 27m,G,https://www.imdb.com/title/tt0021749/?ref_=chttp_t_54
55, Apocalypse Now,1979,8.4,2h 27m,R,https://www.imdb.com/title/tt0078788/?ref_=chttp_t_55
56, Memento,2000,8.4,1h 53m,UA,https://www.imdb.com/title/tt0209144/?ref_=chttp_t_56
57, Django Unchained,2012,8.4,2h 45m,A,https://www.imdb.com/title/tt1853728/?ref_=chttp_t_57
58, Raiders of the Lost Ark,1981,8.4,1h 55m,A,https://www.imdb.com/title/tt0082971/?ref_=chttp_t_58
59, WALL·E,2008,8.4,1h 38m,U,https://www.imdb.com/title/tt0910970/?ref_=chttp_t_59
60, Das Leben der Anderen,2006,8.4,2h 17m,A,https://www.imdb.com/title/tt0405094/?ref_=chttp_t_60
61, Sunset Blvd,1950,8.4,1h 50m,Passed,https://www.imdb.com/title/tt0043014/?ref_=chttp_t_61
62, Paths of Glory,1957,8.4,1h 28m,A,https://www.imdb.com/title/tt0050825/?ref_=chttp_t_62
63, Avengers: Infinity War,2018,8.4,2h 29m,UA,https://www.imdb.com/title/tt4154756/?ref_=chttp_t_63
64, The Shining,1980,8.4,2h 26m,A,https://www.imdb.com/title/tt0081505/?ref_=chttp_t_64
65, The Great Dictator,1940,8.4,2h 5m,G,https://www.imdb.com/title/tt0032553/?ref_=chttp_t_65
66, Witness for the Prosecution,1957,8.4,1h 56m,U,https://www.imdb.com/title/tt0051201/?ref_=chttp_t_66
67, Spider-Man: Into the Spider-Verse,2018,8.4,1h 57m,U,https://www.imdb.com/title/tt4633694/?ref_=chttp_t_67
68, Alien 2,1986,8.4,2h 17m,U,https://www.imdb.com/title/tt0090605/?ref_=chttp_t_68
69, American Beauty,1999,8.3,2h 2m,UA,https://www.imdb.com/title/tt0169547/?ref_=chttp_t_69
70, The Dark Knight Rises,2012,8.4,2h 44m,UA,https://www.imdb.com/title/tt1345836/?ref_=chttp_t_70
71, Dr,1964,8.4,1h 35m,A,https://www.imdb.com/title/tt0057012/?ref_=chttp_t_71
72, Inglourious Basterds,2009,8.3,2h 33m,A,https://www.imdb.com/title/tt0361748/?ref_=chttp_t_72
73, Oldeuboi,2003,8.4,1h 41m,A,https://www.imdb.com/title/tt0364569/?ref_=chttp_t_73
74, Coco,2017,8.4,1h 45m,U,https://www.imdb.com/title/tt2380307/?ref_=chttp_t_74
75, Amadeus,1984,8.4,2h 40m,PG,https://www.imdb.com/title/tt0086879/?ref_=chttp_t_75
76, Toy Story,1995,8.3,1h 21m,U,https://www.imdb.com/title/tt0114709/?ref_=chttp_t_76
77, Braveheart,1995,8.3,2h 58m,A,https://www.imdb.com/title/tt0112573/?ref_=chttp_t_77
78, Das Boot,1981,8.4,2h 29m,,https://www.imdb.com/title/tt0082096/?ref_=chttp_t_78
79, Joker,2019,8.4,2h 2m,A,https://www.imdb.com/title/tt7286456/?ref_=chttp_t_79
80, Avengers: Endgame,2019,8.4,3h 1m,UA,https://www.imdb.com/title/tt4154796/?ref_=chttp_t_80
81, Mononoke-hime,1997,8.3,2h 14m,U,https://www.imdb.com/title/tt0119698/?ref_=chttp_t_81
82, Good Will Hunting,1997,8.3,2h 6m,U,https://www.imdb.com/title/tt0119217/?ref_=chttp_t_82
83, Once Upon a Time in America,1984,8.3,3h 49m,A,https://www.imdb.com/title/tt0087843/?ref_=chttp_t_83
84, Kimi No Na Wa,2016,8.4,1h 46m,U,https://www.imdb.com/title/tt5311514/?ref_=chttp_t_84
85, 3 Idiots,2009,8.4,2h 50m,UA,https://www.imdb.com/title/tt1187043/?ref_=chttp_t_85
86, Singin' in the Rain,1952,8.3,1h 43m,G,https://www.imdb.com/title/tt0045152/?ref_=chttp_t_86
87, Tengoku to Jigoku,1963,8.4,2h 23m,Not Rated,https://www.imdb.com/title/tt0057565/?ref_=chttp_t_87
88, Requiem for a Dream,2000,8.3,1h 42m,A,https://www.imdb.com/title/tt0180093/?ref_=chttp_t_88
89, Capharnaüm,2018,8.4,2h 6m,A,https://www.imdb.com/title/tt8267604/?ref_=chttp_t_89
90, Toy Story 3,2010,8.3,1h 43m,U,https://www.imdb.com/title/tt0435761/?ref_=chttp_t_90
91, Idi I Smotri,1985,8.4,2h 22m,A,https://www.imdb.com/title/tt0091251/?ref_=chttp_t_91
92, Star Wars: Episode VI - Return of the Jedi,1983,8.3,2h 11m,U,https://www.imdb.com/title/tt0086190/?ref_=chttp_t_92
93, Eternal Sunshine of the Spotless Mind,2004,8.3,1h 48m,UA,https://www.imdb.com/title/tt0338013/?ref_=chttp_t_93
94, 2001: A Space Odyssey,1968,8.3,2h 29m,U,https://www.imdb.com/title/tt0062622/?ref_=chttp_t_94
95, Jagten,2012,8.3,1h 55m,7,https://www.imdb.com/title/tt2106476/?ref_=chttp_t_95
96, Reservoir Dogs,1992,8.3,1h 39m,15+,https://www.imdb.com/title/tt0105236/?ref_=chttp_t_96
97, Lawrence of Arabia,1962,8.3,3h 38m,U,https://www.imdb.com/title/tt0056172/?ref_=chttp_t_97
98, Ikiru,1952,8.3,2h 23m,U,https://www.imdb.com/title/tt0044741/?ref_=chttp_t_98
99, Citizen Kane,1941,8.3,1h 59m,UA,https://www.imdb.com/title/tt0033467/?ref_=chttp_t_99
100, M - Eine Stadt sucht einen Mörder,1931,8.3,1h 57m,Passed,https://www.imdb.com/title/tt0022100/?ref_=chttp_t_100
101, North by Northwest,1959,8.3,2h 16m,U,https://www.imdb.com/title/tt0053125/?ref_=chttp_t_101
102, The Apartment,1960,8.3,2h 5m,U,https://www.imdb.com/title/tt0053604/?ref_=chttp_t_102
103, Vertigo,1958,8.3,2h 8m,A,https://www.imdb.com/title/tt0052357/?ref_=chttp_t_103
104, Le fabuleux destin d'Amélie Poulain,2001,8.3,2h 2m,U,https://www.imdb.com/title/tt0211915/?ref_=chttp_t_104
105, Double Indemnity,1944,8.3,1h 47m,Passed,https://www.imdb.com/title/tt0036775/?ref_=chttp_t_105
106, Scarface,1983,8.3,2h 50m,A,https://www.imdb.com/title/tt0086250/?ref_=chttp_t_106
107, Full Metal Jacket,1987,8.3,1h 56m,UA,https://www.imdb.com/title/tt0093058/?ref_=chttp_t_107
108, A Clockwork Orange,1971,8.3,2h 16m,A,https://www.imdb.com/title/tt0066921/?ref_=chttp_t_108
109, Incendies,2010,8.3,2h 11m,18,https://www.imdb.com/title/tt1255953/?ref_=chttp_t_109
110, Hamilton,2020,8.3,2h 40m,12+,https://www.imdb.com/title/tt8503618/?ref_=chttp_t_110
111, Heat,1995,8.3,2h 50m,A,https://www.imdb.com/title/tt0113277/?ref_=chttp_t_111
112, Up,2009,8.3,1h 36m,U,https://www.imdb.com/title/tt1049413/?ref_=chttp_t_112
113, To Kill a Mockingbird,1962,8.3,2h 9m,U,https://www.imdb.com/title/tt0056592/?ref_=chttp_t_113
114, The Sting,1973,8.3,2h 9m,U,https://www.imdb.com/title/tt0070735/?ref_=chttp_t_114
115, Jodaeiye Nader Az Simin,2011,8.3,2h 3m,7,https://www.imdb.com/title/tt1832382/?ref_=chttp_t_115
116, Indiana Jones and the Last Crusade,1989,8.2,2h 7m,U,https://www.imdb.com/title/tt0097576/?ref_=chttp_t_116
117, Metropolis,1927,8.3,2h 33m,Not Rated,https://www.imdb.com/title/tt0017136/?ref_=chttp_t_117
118, Die Hard,1988,8.2,2h 12m,A,https://www.imdb.com/title/tt0095016/?ref_=chttp_t_118
119, L,1997,8.2,2h 18m,A,https://www.imdb.com/title/tt0119488/?ref_=chttp_t_119
120, Ladri Di Biciclette,1948,8.3,1h 29m,U,https://www.imdb.com/title/tt0040522/?ref_=chttp_t_120
121, Snatch,2000,8.2,1h 44m,UA,https://www.imdb.com/title/tt0208092/?ref_=chttp_t_121
122, Taare Zameen Par,2007,8.3,2h 45m,U,https://www.imdb.com/title/tt0986264/?ref_=chttp_t_122
123, Taxi Driver,1976,8.2,1h 54m,A,https://www.imdb.com/title/tt0075314/?ref_=chttp_t_123
124, 1917,2019,8.2,1h 59m,R,https://www.imdb.com/title/tt8579674/?ref_=chttp_t_124
125, Der Untergang,2004,8.2,2h 36m,UA,https://www.imdb.com/title/tt0363163/?ref_=chttp_t_125
126, Dangal,2016,8.3,2h 41m,U,https://www.imdb.com/title/tt5074352/?ref_=chttp_t_126
127, Top Gun: Maverick,2022,8.3,2h 10m,UA,https://www.imdb.com/title/tt1745960/?ref_=chttp_t_127
128, Per qualche dollaro in più,1965,8.2,2h 12m,U,https://www.imdb.com/title/tt0059578/?ref_=chttp_t_128
129, Batman Begins,2005,8.2,2h 20m,UA,https://www.imdb.com/title/tt0372784/?ref_=chttp_t_129
130, Some Like It Hot,1959,8.2,2h 1m,U,https://www.imdb.com/title/tt0053291/?ref_=chttp_t_130
131, The Kid,1921,8.3,1h 8m,Passed,https://www.imdb.com/title/tt0012349/?ref_=chttp_t_131
132, The Father,2020,8.2,1h 37m,UA,https://www.imdb.com/title/tt10272386/?ref_=chttp_t_132
133, The Wolf of Wall Street,2013,8.2,3h,A,https://www.imdb.com/title/tt0993846/?ref_=chttp_t_133
134, Green Book,2018,8.2,2h 10m,UA,https://www.imdb.com/title/tt6966692/?ref_=chttp_t_134
135, All About Eve,1950,8.2,2h 18m,Passed,https://www.imdb.com/title/tt0042192/?ref_=chttp_t_135
136, Judgment at Nuremberg,1961,8.3,2h 59m,A,https://www.imdb.com/title/tt0055031/?ref_=chttp_t_136
137, The Truman Show,1998,8.2,1h 43m,U,https://www.imdb.com/title/tt0120382/?ref_=chttp_t_137
138, Ran,1985,8.2,2h 42m,Not Rated,https://www.imdb.com/title/tt0089881/?ref_=chttp_t_138
139, Casino,1995,8.2,2h 58m,A,https://www.imdb.com/title/tt0112641/?ref_=chttp_t_139
140, There Will Be Blood,2007,8.2,2h 38m,A,https://www.imdb.com/title/tt0469494/?ref_=chttp_t_140
141, Shutter Island,2010,8.2,2h 18m,A,https://www.imdb.com/title/tt1130884/?ref_=chttp_t_141
142, El Laberinto Del Fauno,2006,8.2,1h 58m,R,https://www.imdb.com/title/tt0457430/?ref_=chttp_t_142
143, Unforgiven,1992,8.2,2h 10m,A,https://www.imdb.com/title/tt0105695/?ref_=chttp_t_143
144, The Sixth Sense,1999,8.2,1h 47m,A,https://www.imdb.com/title/tt0167404/?ref_=chttp_t_144
145, Jurassic Park,1993,8.2,2h 7m,UA,https://www.imdb.com/title/tt0107290/?ref_=chttp_t_145
146, A Beautiful Mind,2001,8.2,2h 15m,UA,https://www.imdb.com/title/tt0268978/?ref_=chttp_t_146
147, The Treasure of the Sierra Madre,1948,8.2,2h 6m,Passed,https://www.imdb.com/title/tt0040897/?ref_=chttp_t_147
148, Yôjinbô,1961,8.2,1h 50m,U,https://www.imdb.com/title/tt0055630/?ref_=chttp_t_148
149, No Country for Old Men,2007,8.2,2h 2m,18,https://www.imdb.com/title/tt0477348/?ref_=chttp_t_149
150, Monty Python and the Holy Grail,1975,8.2,1h 31m,U,https://www.imdb.com/title/tt0071853/?ref_=chttp_t_150
151, Kill Bill: Vol,2003,8.2,1h 51m,A,https://www.imdb.com/title/tt0266697/?ref_=chttp_t_151
152, The Great Escape,1963,8.2,2h 52m,U,https://www.imdb.com/title/tt0057115/?ref_=chttp_t_152
153, The Thing,1982,8.2,1h 49m,A,https://www.imdb.com/title/tt0084787/?ref_=chttp_t_153
154, Rashōmon,1950,8.2,1h 28m,U,https://www.imdb.com/title/tt0042876/?ref_=chttp_t_154
155, Finding Nemo,2003,8.2,1h 40m,U,https://www.imdb.com/title/tt0266543/?ref_=chttp_t_155
156, The Elephant Man,1980,8.2,2h 4m,UA,https://www.imdb.com/title/tt0080678/?ref_=chttp_t_156
157, Chinatown,1974,8.2,2h 10m,UA,https://www.imdb.com/title/tt0071315/?ref_=chttp_t_157
158, Spider-Man: No Way Home,2021,8.2,2h 28m,UA,https://www.imdb.com/title/tt10872600/?ref_=chttp_t_158
159, V for Vendetta,2005,8.2,2h 12m,UA,https://www.imdb.com/title/tt0434409/?ref_=chttp_t_159
160, Gone with the Wind,1939,8.2,3h 58m,U,https://www.imdb.com/title/tt0031381/?ref_=chttp_t_160
161, Raging Bull,1980,8.1,2h 9m,A,https://www.imdb.com/title/tt0081398/?ref_=chttp_t_161
162, Dial M for Murder,1954,8.2,1h 45m,A,https://www.imdb.com/title/tt0046912/?ref_=chttp_t_162
163, Hauru No Ugoku Shiro,2004,8.2,1h 59m,U,https://www.imdb.com/title/tt0347149/?ref_=chttp_t_163
164," Lock, Stock and Two Smoking Barrels",1998,8.1,1h 47m,A,https://www.imdb.com/title/tt0120735/?ref_=chttp_t_164
165, El Secreto De Sus Ojos,2009,8.2,2h 9m,R,https://www.imdb.com/title/tt1305806/?ref_=chttp_t_165
166, Inside Out,2015,8.1,1h 35m,U,https://www.imdb.com/title/tt2096673/?ref_=chttp_t_166
167, Prisoners,2013,8.1,2h 33m,A,https://www.imdb.com/title/tt1392214/?ref_=chttp_t_167
168," Three Billboards Outside Ebbing, Missouri",2017,8.1,1h 55m,A,https://www.imdb.com/title/tt5027774/?ref_=chttp_t_168
169, The Bridge on the River Kwai,1957,8.1,2h 41m,U,https://www.imdb.com/title/tt0050212/?ref_=chttp_t_169
170, Trainspotting,1996,8.1,1h 33m,A,https://www.imdb.com/title/tt0117951/?ref_=chttp_t_170
171, Fargo,1996,8.1,1h 38m,A,https://www.imdb.com/title/tt0116282/?ref_=chttp_t_171
172, Warrior,2011,8.1,2h 20m,UA,https://www.imdb.com/title/tt1291584/?ref_=chttp_t_172
173, Gran Torino,2008,8.1,1h 56m,UA,https://www.imdb.com/title/tt1205489/?ref_=chttp_t_173
174, Catch Me If You Can,2002,8.1,2h 21m,A,https://www.imdb.com/title/tt0264464/?ref_=chttp_t_174
175, My Neighbour Totoro,1988,8.1,1h 26m,U,https://www.imdb.com/title/tt0096283/?ref_=chttp_t_175
176, Million Dollar Baby,2004,8.1,2h 12m,UA,https://www.imdb.com/title/tt0405159/?ref_=chttp_t_176
177, Klaus,2019,8.2,1h 36m,7,https://www.imdb.com/title/tt4729430/?ref_=chttp_t_177
178, Bacheha-Ye Aseman,1997,8.2,1h 29m,PG,https://www.imdb.com/title/tt0118849/?ref_=chttp_t_178
179, Harry Potter and the Deathly Hallows: Part 2,2011,8.1,2h 10m,UA,https://www.imdb.com/title/tt1201607/?ref_=chttp_t_179
180, Blade Runner,1982,8.1,1h 57m,UA,https://www.imdb.com/title/tt0083658/?ref_=chttp_t_180
181, 12 Years a Slave,2013,8.1,2h 14m,A,https://www.imdb.com/title/tt2024544/?ref_=chttp_t_181
182, The Gold Rush,1925,8.1,1h 35m,Passed,https://www.imdb.com/title/tt0015864/?ref_=chttp_t_182
183, Before Sunrise,1995,8.1,1h 41m,16,https://www.imdb.com/title/tt0112471/?ref_=chttp_t_183
184, The Grand Budapest Hotel,2014,8.1,1h 39m,UA,https://www.imdb.com/title/tt2278388/?ref_=chttp_t_184
185, Ben-Hur,1959,8.1,3h 32m,U,https://www.imdb.com/title/tt0052618/?ref_=chttp_t_185
186, Gone Girl,2014,8.1,2h 29m,A,https://www.imdb.com/title/tt2267998/?ref_=chttp_t_186
187, On the Waterfront,1954,8.1,1h 48m,A,https://www.imdb.com/title/tt0047296/?ref_=chttp_t_187
188, Barry Lyndon,1975,8.1,3h 5m,U,https://www.imdb.com/title/tt0072684/?ref_=chttp_t_188
189, Hacksaw Ridge,2016,8.1,2h 19m,A,https://www.imdb.com/title/tt2119532/?ref_=chttp_t_189
190, In the Name of the Father,1993,8.1,2h 13m,UA,https://www.imdb.com/title/tt0107207/?ref_=chttp_t_190
191, The General,1926,8.1,1h 18m,Passed,https://www.imdb.com/title/tt0017925/?ref_=chttp_t_191
192, The Deer Hunter,1978,8.1,3h 3m,A,https://www.imdb.com/title/tt0077416/?ref_=chttp_t_192
193, Smultronstället,1957,8.1,1h 31m,U,https://www.imdb.com/title/tt0050986/?ref_=chttp_t_193
194, Salinui Chueok,2003,8.1,2h 11m,UA,https://www.imdb.com/title/tt0353969/?ref_=chttp_t_194
195, The Third Man,1949,8.1,1h 44m,U,https://www.imdb.com/title/tt0041959/?ref_=chttp_t_195
196, Le Salaire De La Peur,1953,8.2,2h 11m,U,https://www.imdb.com/title/tt0046268/?ref_=chttp_t_196
197, Sherlock Jr,1924,8.2,45m,Passed,https://www.imdb.com/title/tt0015324/?ref_=chttp_t_197
198, Relatos Salvajes,2014,8.1,2h 2m,18,https://www.imdb.com/title/tt3011894/?ref_=chttp_t_198
199, Mad Max: Fury Road,2015,8.1,2h,UA,https://www.imdb.com/title/tt1392190/?ref_=chttp_t_199
200, Mr,1939,8.1,2h 9m,U,https://www.imdb.com/title/tt0031679/?ref_=chttp_t_200
201, Dead Poets Society,1989,8.1,2h 8m,U,https://www.imdb.com/title/tt0097165/?ref_=chttp_t_201
202," Monsters, Inc",2001,8.1,1h 32m,U,https://www.imdb.com/title/tt0198781/?ref_=chttp_t_202
203, How to Train Your Dragon,2010,8.1,1h 38m,U,https://www.imdb.com/title/tt0892769/?ref_=chttp_t_203
204, Mary and Max,2009,8.1,1h 32m,U,https://www.imdb.com/title/tt0978762/?ref_=chttp_t_204
205, Jaws,1975,8.1,2h 4m,A,https://www.imdb.com/title/tt0073195/?ref_=chttp_t_205
206, Det Sjunde Inseglet,1957,8.1,1h 36m,A,https://www.imdb.com/title/tt0050976/?ref_=chttp_t_206
207, Room,2015,8.1,1h 58m,U,https://www.imdb.com/title/tt3170832/?ref_=chttp_t_207
208, The Big Lebowski,1998,8.1,1h 57m,UA,https://www.imdb.com/title/tt0118715/?ref_=chttp_t_208
209, Tokyo Story,1953,8.1,2h 16m,U,https://www.imdb.com/title/tt0046438/?ref_=chttp_t_209
210, Ford v,2019,8.1,2h 32m,UA,https://www.imdb.com/title/tt1950186/?ref_=chttp_t_210
211, Ratatouille,2007,8.1,1h 51m,U,https://www.imdb.com/title/tt0382932/?ref_=chttp_t_211
212, Hotel Rwanda,2004,8.1,2h 1m,UA,https://www.imdb.com/title/tt0395169/?ref_=chttp_t_212
213, La passion de Jeanne d'Arc,1928,8.2,1h 50m,Passed,https://www.imdb.com/title/tt0019254/?ref_=chttp_t_213
214, Rocky,1976,8.1,2h,U,https://www.imdb.com/title/tt0075148/?ref_=chttp_t_214
215, Logan,2017,8.1,2h 17m,A,https://www.imdb.com/title/tt3315342/?ref_=chttp_t_215
216, Platoon,1986,8.1,2h,UA,https://www.imdb.com/title/tt0091763/?ref_=chttp_t_216
217, Spotlight,2015,8.1,2h 9m,A,https://www.imdb.com/title/tt1895587/?ref_=chttp_t_217
218, The Terminator,1984,8.1,1h 47m,A,https://www.imdb.com/title/tt0088247/?ref_=chttp_t_218
219, Jai Bhim,2021,8.8,2h 44m,A,https://www.imdb.com/title/tt15097216/?ref_=chttp_t_219
220, Before Sunset,2004,8.1,1h 20m,A,https://www.imdb.com/title/tt0381681/?ref_=chttp_t_220
221, Rush,2013,8.1,2h 3m,R,https://www.imdb.com/title/tt1979320/?ref_=chttp_t_221
222, Network,1976,8.1,2h 1m,UA,https://www.imdb.com/title/tt0074958/?ref_=chttp_t_222
223, Stand by Me,1986,8.1,1h 29m,U,https://www.imdb.com/title/tt0092005/?ref_=chttp_t_223
224, The Best Years of Our Lives,1946,8.1,2h 50m,Approved,https://www.imdb.com/title/tt0036868/?ref_=chttp_t_224
225, The Wizard of Oz,1939,8.1,1h 42m,U,https://www.imdb.com/title/tt0032138/?ref_=chttp_t_225
226, Into the Wild,2007,8.1,2h 28m,U,https://www.imdb.com/title/tt0758758/?ref_=chttp_t_226
227, La haine,1995,8.1,1h 38m,Not Rated,https://www.imdb.com/title/tt0113247/?ref_=chttp_t_227
228, The Exorcist,1973,8.1,2h 2m,A,https://www.imdb.com/title/tt0070047/?ref_=chttp_t_228
229, The Incredibles,2004,8.0,1h 55m,U,https://www.imdb.com/title/tt0317705/?ref_=chttp_t_229
230, Pirates of the Caribbean: The Curse of the Black Pearl,2003,8.1,2h 23m,UA,https://www.imdb.com/title/tt0325980/?ref_=chttp_t_230
231, To Be or Not to Be,1942,8.2,1h 39m,Passed,https://www.imdb.com/title/tt0035446/?ref_=chttp_t_231
232, Groundhog Day,1993,8.0,1h 41m,U,https://www.imdb.com/title/tt0107048/?ref_=chttp_t_232
233, Babam Ve Oglum,2005,8.2,1h 52m,Not Rated,https://www.imdb.com/title/tt0476735/?ref_=chttp_t_233
234, La battaglia di Algeri,1966,8.1,2h 1m,Not Rated,https://www.imdb.com/title/tt0058946/?ref_=chttp_t_234
235, The Grapes of Wrath,1940,8.1,2h 9m,Passed,https://www.imdb.com/title/tt0032551/?ref_=chttp_t_235
236, Hachi: A Dog's Tale,2009,8.1,1h 33m,U,https://www.imdb.com/title/tt1028532/?ref_=chttp_t_236
237, Ah-ga-ssi,2016,8.1,2h 25m,A,https://www.imdb.com/title/tt4016934/?ref_=chttp_t_237
238, Amores perros,2000,8.1,2h 34m,A,https://www.imdb.com/title/tt0245712/?ref_=chttp_t_238
239, Pather Panchali,1955,8.2,2h 5m,U,https://www.imdb.com/title/tt0048473/?ref_=chttp_t_239
240, Rebecca,1940,8.1,2h 10m,Approved,https://www.imdb.com/title/tt0032976/?ref_=chttp_t_240
241, Cool Hand Luke,1967,8.1,2h 7m,A,https://www.imdb.com/title/tt0061512/?ref_=chttp_t_241
242, The Sound of Music,1965,8.1,2h 52m,U,https://www.imdb.com/title/tt0059742/?ref_=chttp_t_242
243, It Happened One Night,1934,8.1,1h 45m,Passed,https://www.imdb.com/title/tt0025316/?ref_=chttp_t_243
244, The 400 Blows,1959,8.1,1h 39m,U,https://www.imdb.com/title/tt0053198/?ref_=chttp_t_244
245, The Iron Giant,1999,8.1,1h 26m,U,https://www.imdb.com/title/tt0129167/?ref_=chttp_t_245
246, The Help,2011,8.1,2h 26m,UA,https://www.imdb.com/title/tt1454029/?ref_=chttp_t_246
247, Persona,1966,8.1,1h 25m,Not Rated,https://www.imdb.com/title/tt0060827/?ref_=chttp_t_247
248, Life of Brian,1979,8.0,1h 34m,R,https://www.imdb.com/title/tt0079470/?ref_=chttp_t_248
249, Aladdin,1992,8.0,1h 30m,U,https://www.imdb.com/title/tt0103639/?ref_=chttp_t_249
250, Dances with Wolves,1990,8.0,3h 1m,U,https://www.imdb.com/title/tt0099348/?ref_=chttp_t_250
